,artist_and_title,wks,t10,pk,(x?),pkstreams,total,artist,title,country,deezer_track_id,deezer_release_date,deezer_genres
0,J. Cole - No Role Modelz,510,1.0,10,,4946936,1248840407,J. Cole,No Role Modelz,us,1591188152,2014-12-09,['Rap/Hip Hop']
1,Post Malone - Sunflower - Spider-Man: Into the Spider-Verse,315,45.0,1,(x6),14731867,1181577968,Post Malone,Sunflower - Spider-Man: Into the Spider-Verse,us,602456552,2018-12-14,"['Film/Oyun', 'Film Müzikleri']"
2,The Neighbourhood - Sweater Weather,365,6.0,8,,5562447,1060912262,The Neighbourhood,Sweater Weather,us,66506871,2013-04-19,"['Alternatif', 'Rock']"
3,Juice WRLD - Lucid Dreams,262,26.0,1,(x1),13963947,928829032,Juice WRLD,Lucid Dreams,us,601837422,2018-12-10,['Rap/Hip Hop']
4,"Tyler, The Creator - See You Again",241,9.0,5,,7700794,882340160,"Tyler, The Creator",See You Again,us,384157591,2017-07-21,['Rap/Hip Hop']
5,Zach Bryan - Something in the Orange,199,3.0,4,,6487876,875852948,Zach Bryan,Something in the Orange,us,1714552247,2022-04-22,[]
6,Morgan Wallen - Last Night,155,34.0,1,(x7),16883425,852753996,Morgan Wallen,Last Night,us,3398329531,2023-03-03,[]
7,Kendrick Lamar - HUMBLE.,243,21.0,1,(x9),23993465,825364950,Kendrick Lamar,HUMBLE.,us,350171311,2017-04-14,['Rap/Hip Hop']
8,Lil Uzi Vert - XO TOUR Llif3,269,30.0,2,(x6),11030276,798117691,Lil Uzi Vert,XO TOUR Llif3,us,144949268,2017-03-24,['Rap/Hip Hop']
9,Fleetwood Mac - Dreams - 2004 Remaster,264,2.0,6,,6296848,762455128,Fleetwood Mac,Dreams - 2004 Remaster,us,63480987,1977-02-04,['Rock']
10,Zach Bryan - I Remember Everything,129,26.0,1,(x1),14180204,752580032,Zach Bryan,I Remember Everything,us,2417266335,2023-01-27,[]
11,Arctic Monkeys - 505,264,,18,,4600367,752088551,Arctic Monkeys,505,us,4315389,2007-04-21,['Alternatif']
12,Noah Kahan - Stick Season,170,18.0,2,(x4),11205319,741446877,Noah Kahan,Stick Season,us,2310201655,2023-06-09,['Alternatif']
13,Travis Scott - goosebumps,311,1.0,8,,6351723,741357938,Travis Scott,goosebumps,us,1208717042,2021-01-14,"['Rap/Hip Hop', 'Pop']"
14,Billie Eilish - BIRDS OF A FEATHER,91,38.0,2,(x1),22088494,737708293,Billie Eilish,BIRDS OF A FEATHER,us,,,
15,Post Malone - rockstar,177,26.0,1,(x18),19553820,731008572,Post Malone,rockstar,us,491446942,2018-04-27,['Rap/Hip Hop']
16,The Weeknd - Blinding Lights,187,33.0,1,(x2),13245312,716804838,The Weeknd,Blinding Lights,us,908604612,2020-03-20,['R&B']
17,Juice WRLD - All Girls Are The Same,280,,13,,6052811,715499305,Juice WRLD,All Girls Are The Same,us,601837412,2018-12-10,['Rap/Hip Hop']
18,The Killers - Mr. Brightside,285,,16,,5101065,703520241,The Killers,Mr. Brightside,us,953097,2007-09-17,['Rock']
19,SZA - Kill Bill,121,31.0,1,(x6),19406075,701111464,SZA,Kill Bill,us,2058562847,2022-12-08,['R&B']
20,Kendrick Lamar - Not Like Us,92,21.0,1,(x8),38690532,700303342,Kendrick Lamar,Not Like Us,us,2783963122,2024-05-04,['Rap/Hip Hop']
21,Morgan Wallen - Whiskey Glasses,304,,43,,3438310,694437809,Morgan Wallen,Whiskey Glasses,us,2851520632,2018-04-27,[]
22,Sabrina Carpenter - Espresso,94,27.0,1,(x1),23301994,672281552,Sabrina Carpenter,Espresso,us,2743578151,2024-04-12,['Pop']
23,Lil Baby - Drip Too Hard (Lil Baby & Gunna),243,18.0,1,(x1),11011445,666286395,Lil Baby,Drip Too Hard (Lil Baby & Gunna),us,2816017052,2024-05-23,['Rap/Hip Hop']
24,Glass Animals - Heat Waves,155,35.0,1,(x4),8085874,659196554,Glass Animals,Heat Waves,us,1040154662,2020-08-07,['Pop']
25,Post Malone - I Had Some Help (Feat. Morgan Wallen),92,23.0,1,(x2),35069809,658650207,Post Malone,I Had Some Help (Feat. Morgan Wallen),us,,,
26,"Chappell Roan - Good Luck, Babe!",96,21.0,1,(x2),15085485,654803150,Chappell Roan,"Good Luck, Babe!",us,2728070371,2024-04-05,['Pop']
27,Shaboozey - A Bar Song (Tipsy),95,21.0,3,(x4),20609475,648263499,Shaboozey,A Bar Song (Tipsy),us,2729273551,2024-04-12,[]
28,Offset - Ric Flair Drip,242,13.0,4,,6705486,647247374,Offset,Ric Flair Drip,us,423097622,2017-10-31,['Rap/Hip Hop']
29,XXXTENTACION - Jocelyn Flores,242,9.0,3,(x1),9353667,646370589,XXXTENTACION,Jocelyn Flores,us,398055682,2017-08-25,['Rap/Hip Hop']
30,Post Malone - Circles,186,25.0,1,(x5),18574069,642443273,Post Malone,Circles,us,742744952,2019-08-30,['Rap/Hip Hop']
31,Benson Boone - Beautiful Things,108,13.0,1,(x1),11944718,641759854,Benson Boone,Beautiful Things,us,2610711672,2024-01-18,['Pop']
32,Kendrick Lamar - All The Stars,179,16.0,2,(x2),13290262,634625550,Kendrick Lamar,All The Stars,us,446082632,2018-01-04,['Rap/Hip Hop']
33,Harry Styles - As It Was,114,30.0,1,(x6),24686367,629995543,Harry Styles,As It Was,us,1703487577,2022-03-31,['Pop']
34,Morgan Wallen - Wasted On You,202,1.0,3,(x1),6198233,627254702,Morgan Wallen,Wasted On You,us,3399879451,2021-01-08,[]
35,XXXTENTACION - SAD!,169,19.0,1,(x2),15024019,627102233,XXXTENTACION,SAD!,us,472992602,2018-03-16,['Pop']
36,Bryson Tiller - Don't,280,8.0,6,,4367511,623898784,Bryson Tiller,Don't,us,107744166,2015-10-02,['R&B']
37,SZA - Snooze,153,2.0,10,,8773360,603823609,SZA,Snooze,us,2055292087,2022-12-09,['R&B']
38,Taylor Swift - Cruel Summer,127,22.0,2,(x1),10071597,601952214,Taylor Swift,Cruel Summer,us,,,
39,Kendrick Lamar - Money Trees,234,,29,,6217286,594188066,Kendrick Lamar,Money Trees,us,67929157,2013-01-01,['Rap/Hip Hop']
40,Steve Lacy - Bad Habit,146,22.0,1,(x10),11314316,593526801,Steve Lacy,Bad Habit,us,1817216187,2022-07-15,['R&B']
41,Travis Scott - SICKO MODE,150,27.0,1,(x3),19657392,590660389,Travis Scott,SICKO MODE,us,536421002,2018-08-03,['Rap/Hip Hop']
42,Drake - One Dance,158,26.0,1,(x15),18322096,587422642,Drake,One Dance,us,124603270,2016-05-06,['Rap/Hip Hop']
43,Teddy Swims - Lose Control,118,3.0,10,,8132637,586930277,Teddy Swims,Lose Control,us,2319265555,2023-09-15,['Pop']
44,Morgan Wallen - You Proof,136,5.0,8,,8063954,585707111,Morgan Wallen,You Proof,us,3398329671,2023-03-03,[]
45,Lady Gaga - Die With A Smile,78,37.0,1,(x6),17496020,579515732,Lady Gaga,Die With A Smile,us,2947516331,2024-08-16,['Pop']
46,Frank Ocean - Pink + White,185,,30,,4963463,578230622,Frank Ocean,Pink + White,us,717273862,2016-08-20,['Pop']
47,Chris Stapleton - Tennessee Whiskey,269,,62,,3336060,571930002,Chris Stapleton,Tennessee Whiskey,us,98975170,2015-05-05,[]
48,Steve Lacy - Dark Red,183,,16,,4310486,568931447,Steve Lacy,Dark Red,us,1860754817,2017-02-24,['R&B']
49,J. Cole - MIDDLE CHILD,197,14.0,1,(x2),20663232,560219071,J. Cole,MIDDLE CHILD,us,622457832,2019-01-24,['Rap/Hip Hop']
50,Mariah Carey - All I Want for Christmas Is You,94,40.0,1,(x1),20865536,551848990,Mariah Carey,All I Want for Christmas Is You,us,62710442,1994-10-28,['Pop']
51,Post Malone - I Fall Apart,183,20.0,2,(x2),8350785,550084947,Post Malone,I Fall Apart,us,137726977,2016-12-09,['Rap/Hip Hop']
52,XXXTENTACION - Fuck Love,225,1.0,8,,7224825,545975047,XXXTENTACION,Fuck Love,us,398055742,2017-08-25,['Rap/Hip Hop']
53,Brenda Lee - Rockin' Around The Christmas Tree,75,35.0,1,(x17),26164038,545736985,Brenda Lee,Rockin' Around The Christmas Tree,us,593706102,2018-11-30,[]
54,Post Malone - Congratulations,169,18.0,5,,8381773,543226174,Post Malone,Congratulations,us,137726987,2016-12-09,['Rap/Hip Hop']
55,Drake - God's Plan,88,19.0,1,(x10),28708450,539934153,Drake,God's Plan,us,533609232,2018-06-29,['Rap/Hip Hop']
56,Hozier - Too Sweet,93,13.0,1,(x2),22622634,539208582,Hozier,Too Sweet,us,2704610682,2024-03-22,['Folk']
57,The Weeknd - Die For You,182,5.0,8,,6601503,537666159,The Weeknd,Die For You,us,136889432,2016-11-25,['R&B']
58,Kendrick Lamar - LOVE. FEAT. ZACARI.,198,4.0,5,,11927530,532349108,Kendrick Lamar,LOVE. FEAT. ZACARI.,us,,,
59,SZA - Good Days,184,12.0,1,(x1),8943952,530693984,SZA,Good Days,us,1189202982,2025-01-10,"['Pop', 'R&B']"
60,d4vd - Romantic Homicide,150,8.0,3,(x2),7088189,519900524,d4vd,Romantic Homicide,us,1879640617,2022-08-23,['Alternatif']
61,The Weeknd - Starboy,172,20.0,1,(x5),12370904,519470357,The Weeknd,Starboy,us,136889400,2016-11-25,['R&B']
62,Roddy Ricch - The Box,91,29.0,1,(x13),24966901,508287540,Roddy Ricch,The Box,us,878421552,2020-02-14,['Rap/Hip Hop']
63,The Weeknd - The Hills,220,29.0,2,(x9),7662493,488472567,The Weeknd,The Hills,us,106506512,2015-08-28,['R&B']
64,Lil Baby - Yes Indeed,176,6.0,2,(x1),11493709,487612671,Lil Baby,Yes Indeed,us,500099532,2018-05-18,['Rap/Hip Hop']
65,TV Girl - Lovers Rock,166,,38,,4273627,487134532,TV Girl,Lovers Rock,us,1751426027,2014-06-05,['Pop']
66,Kendrick Lamar - luther,64,29.0,1,(x8),22979400,486618944,Kendrick Lamar,luther,us,3106586641,2024-11-22,['Rap/Hip Hop']
67,Kanye West - Heartless,182,,37,,4481814,484021606,Kanye West,Heartless,us,130412300,2016-08-19,['Rap/Hip Hop']
68,Joji - SLOW DANCING IN THE DARK,229,,29,,4434820,478530171,Joji,SLOW DANCING IN THE DARK,us,2613692082,2018-10-26,['R&B']
69,Luke Combs - Beautiful Crazy,226,,61,,3469965,469890385,Luke Combs,Beautiful Crazy,us,504533172,2018-06-01,['Pop']
70,Post Malone - Better Now,124,10.0,1,(x2),21229827,469400502,Post Malone,Better Now,us,491446972,2018-04-27,['Rap/Hip Hop']
71,The Kid LAROI - Stay,94,37.0,1,(x6),15077797,468348892,The Kid LAROI,Stay,us,1425844092,2021-07-09,"['Alternatif', 'Indie Pop', 'Pop', 'Indie Pop/Folk']"
72,Mac Miller - The Spins,201,,60,,3492012,467885741,Mac Miller,The Spins,us,3596335362,2010-08-13,['Rap/Hip Hop']
73,Bobby Helms - Jingle Bell Rock,74,29.0,2,(x10),22837979,466200878,Bobby Helms,Jingle Bell Rock,us,7810995,2010-11-29,[]
74,Baby Keem - family ties,154,6.0,8,,7983788,465816685,Baby Keem,family ties,us,1476644212,2021-08-27,['Rap/Hip Hop']
75,Morgan Wallen - Cowgirls,134,,19,,6656276,461844764,Morgan Wallen,Cowgirls,us,3398329841,2023-03-03,[]
76,Tommy Richman - MILLION DOLLAR BABY,57,15.0,2,(x5),38088066,461748674,Tommy Richman,MILLION DOLLAR BABY,us,2827724612,2024-06-04,['Rap/Hip Hop']
77,Chappell Roan - Pink Pony Club,88,6.0,8,,10586731,461662653,Chappell Roan,Pink Pony Club,us,2454854845,2023-09-22,['Pop']
78,Jimin - Who,78,19.0,2,(x1),13959891,459412479,Jimin,Who,us,2893833601,2024-07-19,['Asya müziği']
79,Sabrina Carpenter - Please Please Please,66,17.0,1,(x4),31778766,459317638,Sabrina Carpenter,Please Please Please,us,2831602002,2024-06-07,['Pop']
80,Olivia Rodrigo - good 4 u,78,28.0,1,(x8),31739490,454459076,Olivia Rodrigo,good 4 u,us,1378342622,2021-05-21,['Pop']
81,Zach Bryan - Heading South,140,,30,,5565839,451663854,Zach Bryan,Heading South,us,1163301932,2019-09-30,['Singer & Songwriter']
82,Juice WRLD - Robbery,156,6.0,3,(x1),10013503,448909388,Juice WRLD,Robbery,us,1634179012,2022-01-26,['Rap/Hip Hop']
83,XXXTENTACION - Moonlight,135,8.0,3,(x2),11929608,447394299,XXXTENTACION,Moonlight,us,472992592,2018-03-16,['Pop']
84,Billie Eilish - lovely,178,,24,,5083158,445894312,Billie Eilish,lovely,us,486928932,2018-04-19,['Alternatif']
85,Gigi Perez - Sailor Song,81,8.0,3,(x1),10334897,443746781,Gigi Perez,Sailor Song,us,3012786851,2024-09-24,['Alternatif']
86,Hotel Ugly - Shut up My Moms Calling,141,,29,,4083363,440405985,Hotel Ugly,Shut up My Moms Calling,us,1910184907,2022-09-14,['R&B']
87,Morgan Wallen - Thinkin’ Bout Me,112,1.0,9,,8059932,437297013,Morgan Wallen,Thinkin’ Bout Me,us,3398329761,2023-03-03,[]
88,Drake - Passionfruit,167,6.0,1,(x2),13291694,436441918,Drake,Passionfruit,us,144572210,2017-03-18,['Rap/Hip Hop']
89,Miguel - Sure Thing,136,2.0,10,,6010666,433561627,Miguel,Sure Thing,us,7675649,2010-11-26,['R&B']
90,Tory Lanez - The Color Violet,154,,26,,4216914,428082944,Tory Lanez,The Color Violet,us,1579438382,2021-12-10,"['R&B', 'Soul & Funk']"
91,Hozier - Take Me To Church,189,21.0,1,(x8),4371969,427268898,Hozier,Take Me To Church,us,84791735,2014-10-06,['Alternatif']
92,Lewis Capaldi - Someone You Loved,136,6.0,6,,6707749,416809348,Lewis Capaldi,Someone You Loved,us,582143242,2018-11-08,['Alternatif']
93,Harry Styles - Watermelon Sugar,144,9.0,4,,8252165,414827783,Harry Styles,Watermelon Sugar,us,830336922,2019-12-13,['Pop']
94,Post Malone - Wow.,101,17.0,2,(x3),13236038,412520339,Post Malone,Wow.,us,607452332,2018-12-24,['Rap/Hip Hop']
95,The Weeknd - Timeless,72,7.0,1,(x1),16201681,412392124,The Weeknd,Timeless,us,3210598501,2025-01-31,['R&B']
96,The Chainsmokers - Closer,101,23.0,1,(x10),16639814,409313323,The Chainsmokers,Closer,us,129310248,2016-07-29,"['Alternatif', 'Indie Pop', 'Indie Rock', 'Elektronik', 'Techno/House', 'Dans', 'Pop']"
97,Wham! - Last Christmas,72,21.0,4,,20802591,407662982,Wham!,Last Christmas,us,1036586,1984-11-29,['Pop']
98,Djo - End of Beginning,90,14.0,1,(x2),12605616,407488875,Djo,End of Beginning,us,1899060227,2022-09-16,"['Alternatif', 'Rock']"
99,Billie Eilish - WILDFLOWER,90,,11,,11360245,402672818,Billie Eilish,WILDFLOWER,us,2801558062,2024-05-17,['Alternatif']
100,Madrigal - Seni Dert Etmeler,273,44.0,1,(x5),1754209,265865164,Madrigal,Seni Dert Etmeler,tr,901088302,2020-03-27,['Alternatif']
101,Dolu Kadehi Ters Tut - Gitme,357,,13,,1241421,237643825,Dolu Kadehi Ters Tut,Gitme,tr,3823486231,2019-03-29,['Pop']
102,BLOK3 - SEVMEYİ DENEMEDİN,74,53.0,1,(x6),5282270,211046910,BLOK3,SEVMEYİ DENEMEDİN,tr,,,
103,BLOK3 - aklına ben gelicem,125,14.0,1,(x3),5284158,204830744,BLOK3,aklına ben gelicem,tr,2461189335,2023-09-22,['Rap/Hip Hop']
104,Mavi Gri - Altüst Olmuşum,228,,11,,1829099,204682602,Mavi Gri,Altüst Olmuşum,tr,1685572277,2020-09-04,"['Alternatif', 'Pop']"
105,mor ve ötesi - Bir Derdim Var,479,,23,,1317071,203640960,mor ve ötesi,Bir Derdim Var,tr,77595996,2004-04-16,"['Pop', 'Rock']"
106,KÖFN - Bi' Tek Ben Anlarım,133,37.0,1,(x2),3664487,196736909,KÖFN,Bi' Tek Ben Anlarım,tr,1665420882,2022-03-18,"['Elektronik', 'Elektronik Pop/Elektronik Rock', 'Pop']"
107,Era7capone - CISTAK,86,27.0,1,(x13),6484237,190961284,Era7capone,CISTAK,tr,3168777251,2024-09-13,['Rap/Hip Hop']
108,Simge - Aşkın Olayım,159,33.0,1,(x1),3798989,189021659,Simge,Aşkın Olayım,tr,502960552,2018-06-02,['Pop']
109,Ati242 - 25,195,,12,,2223565,180618890,Ati242,25,tr,1733589657,2022-05-13,['Rap/Hip Hop']
110,BLOK3 - BAYBAY,151,10.0,3,(x2),3257133,179187966,BLOK3,BAYBAY,tr,2169231057,2023-03-17,['Rap/Hip Hop']
111,Dedublüman - Sakladığın Bir Şeyler Var,174,,20,,1523802,176664052,Dedublüman,Sakladığın Bir Şeyler Var,tr,1419046962,2021-07-16,['Pop']
112,Kalben - Yara,208,5.0,5,,1976375,176334217,Kalben,Yara,tr,419181012,2017-11-06,['Alternatif']
113,Yüzyüzeyken Konuşuruz - Dinle Beni Bi',337,,19,,1382755,171112021,Yüzyüzeyken Konuşuruz,Dinle Beni Bi',tr,455411362,2018-01-29,"['Alternatif', 'Indie Rock']"
114,Yaşar - Kumralım,242,,23,,1565210,169223487,Yaşar,Kumralım,tr,63577493,2013-01-15,['Pop']
115,Ati242 - Değişmene Rağmen,84,23.0,2,(x2),4854542,157951146,Ati242,Değişmene Rağmen,tr,2863449872,2024-07-05,['Rap/Hip Hop']
116,UZI - SENIN UGRUNA,116,16.0,1,(x5),4503159,156552272,UZI,SENIN UGRUNA,tr,1894130167,2022-09-09,['Rap/Hip Hop']
117,Semicenk - Sen Kaldın,79,18.0,1,(x3),4564088,155374675,Semicenk,Sen Kaldın,tr,2892514062,2024-08-09,['Pop']
118,Semicenk - Canın Sağ Olsun,89,22.0,1,(x2),4630861,152353321,Semicenk,Canın Sağ Olsun,tr,2235104107,2023-04-21,['Pop']
119,Dedublüman - Sana Güvenmiyorum - Dedub Sessions,67,15.0,1,(x12),7731853,151992789,Dedublüman,Sana Güvenmiyorum - Dedub Sessions,tr,3039527761,2024-11-01,['Pop']
120,UZI - PAPARAZZİ,149,29.0,1,(x11),3454429,146392944,UZI,PAPARAZZİ,tr,,,
121,Güneş - Dua,199,20.0,3,(x2),1725267,146041109,Güneş,Dua,tr,1145345832,2020-12-11,"['Pop', 'R&B']"
122,Ati242 - Italy Forma,70,19.0,2,(x8),4885626,141330237,Ati242,Italy Forma,tr,3025652261,2024-10-11,['Rap/Hip Hop']
123,BLOK3 - AFFETMEM,112,15.0,2,(x1),3824907,140879128,BLOK3,AFFETMEM,tr,2098908517,2023-01-13,['Rap/Hip Hop']
124,Güneş - Suçlarımdan Biri,125,20.0,1,(x1),3521399,140519103,Güneş,Suçlarımdan Biri,tr,1734269797,2022-06-03,['Rap/Hip Hop']
125,Rei 6 - Ah Canım Sevgilim - Demo,184,3.0,7,,1251242,140338519,Rei 6,Ah Canım Sevgilim - Demo,tr,2909007021,2020-08-07,['Rap/Hip Hop']
126,Mert Demir - Antidepresan,73,19.0,1,(x7),9524003,138453259,Mert Demir,Antidepresan,tr,1987377507,2022-11-04,[]
127,Dedublüman - Sen Bilmezsin,93,20.0,6,,2841251,137064829,Dedublüman,Sen Bilmezsin,tr,2684821152,2024-03-15,"['Pop', 'Rock']"
128,Kaan Boşnak - Benimle Kayboldun,324,,43,,826399,133554777,Kaan Boşnak,Benimle Kayboldun,tr,517762072,2018-06-16,"['Alternatif', 'Rock', 'Indie Rock/Pop Rock']"
129,Sertab Erener - Olsun,369,,38,,1194297,131136134,Sertab Erener,Olsun,tr,124448368,2016-06-03,['Pop']
130,UZI - ARASAN DA,86,17.0,1,(x4),7933043,129454316,UZI,ARASAN DA,tr,1681570637,2022-03-18,['Rap/Hip Hop']
131,Müslüm Gürses - Nilüfer,444,,12,,1274803,129117750,Müslüm Gürses,Nilüfer,tr,68078582,2020-03-05,[]
132,Ayla Dikmen - Anlamazdın,212,,61,,972642,128405541,Ayla Dikmen,Anlamazdın,tr,120129214,2008-11-17,['Pop']
133,Semicenk - Yana Yana,81,25.0,1,(x7),3731357,128167172,Semicenk,Yana Yana,tr,2083291467,2023-02-03,['Pop']
134,Lvbel C5 - NKBİ X YAPAMAM - Remix,91,22.0,2,(x2),4385597,127437026,Lvbel C5,NKBİ X YAPAMAM - Remix,tr,,,
135,UZI - CINDY,137,22.0,1,(x3),4026569,127383324,UZI,CINDY,tr,1494625772,2021-09-24,['Rap/Hip Hop']
136,Gripin - Aşk Nerden Nereye,224,,59,,1084057,127020587,Gripin,Aşk Nerden Nereye,tr,66135517,2012-11-07,['Pop']
137,BLOK3 - Keşke,46,13.0,1,(x4),9191316,126978769,BLOK3,Keşke,tr,3287580111,2025-03-28,['Rap/Hip Hop']
138,Emir Can İğrek - Kor,142,3.0,6,,1768298,125973897,Emir Can İğrek,Kor,tr,,,
139,Semicenk - Geri Dönemedim,88,10.0,1,(x2),5057015,124724373,Semicenk,Geri Dönemedim,tr,2248749207,2023-05-05,['Pop']
140,Semicenk - Pişman Değilim,70,17.0,1,(x4),9680925,124659364,Semicenk,Pişman Değilim,tr,2295164715,2023-06-02,['Pop']
141,Semicenk - Sevecek Sandım,106,17.0,3,(x1),2819367,123515020,Semicenk,Sevecek Sandım,tr,1935029487,2022-10-07,['Pop']
142,Era7capone - SONBAHAR,37,21.0,1,(x4),7380103,122191479,Era7capone,SONBAHAR,tr,3386414441,2025-05-30,"['Rap/Hip Hop', 'R&B']"
143,Simge - Önümüz Yaz,73,12.0,2,(x3),4052155,121061961,Simge,Önümüz Yaz,tr,2835158732,2024-06-21,['Pop']
144,UZI - Caney,88,15.0,2,(x2),5404605,119348536,UZI,Caney,tr,,,
145,No.1 - Yarım Kalan Sigara,164,,16,,1360435,116962276,No.1,Yarım Kalan Sigara,tr,1692399757,2022-03-21,['Rap/Hip Hop']
146,UZI - ZOR,135,4.0,9,,2507843,116755456,UZI,ZOR,tr,1894130147,2022-09-09,['Rap/Hip Hop']
147,BLOK3 - git,30,30.0,1,(x3),6817243,116198723,BLOK3,git,tr,3451496401,2025-07-18,['Rap/Hip Hop']
148,UZI - Umrumda Değil,135,22.0,2,(x1),2018645,115031413,UZI,Umrumda Değil,tr,1257129942,2021-03-19,['Rap/Hip Hop']
149,Dedublüman - Belki,89,17.0,1,(x3),5555459,114880048,Dedublüman,Belki,tr,1834594557,2022-08-05,['Rock']
150,BLOK3 - VUR,93,15.0,7,,2739449,114862024,BLOK3,VUR,tr,2006766977,2022-11-11,"['Alternatif', 'Rap/Hip Hop']"
151,ATE - Diğer Yarım,96,11.0,1,(x1),3585198,114663074,ATE,Diğer Yarım,tr,1801306857,2022-07-08,['Rap/Hip Hop']
152,Evdeki Saat - Uzunlar - V1,162,2.0,10,,1307584,114076624,Evdeki Saat,Uzunlar - V1,tr,867006452,2020-02-14,['Alternatif']
153,Semicenk - Batık Gemi,100,12.0,5,,2843684,113642721,Semicenk,Batık Gemi,tr,2595046622,2023-12-15,['Pop']
154,Can Koç - Gökyüzünü Tutamam,89,17.0,6,,2550013,113388977,Can Koç,Gökyüzünü Tutamam,tr,1422533632,2021-07-23,['Alternatif']
155,Zeynep Bastık - Lan,56,11.0,1,(x5),13889810,111434658,Zeynep Bastık,Lan,tr,2681768772,2024-03-08,['Pop']
156,Semicenk - Unutmak Öyle Kolay Mı Sandın,79,20.0,5,,2396181,110312247,Semicenk,Unutmak Öyle Kolay Mı Sandın,tr,1867602437,2022-08-24,['Pop']
157,Lvbel C5 - Sezen Aksu,67,14.0,1,(x3),6827675,109172870,Lvbel C5,Sezen Aksu,tr,2728882981,2024-04-12,['Rap/Hip Hop']
158,BLOK3 - N'aptığını bilmesem de,98,13.0,3,(x1),3711727,109005866,BLOK3,N'aptığını bilmesem de,tr,2330712145,2023-06-23,['Rap/Hip Hop']
159,Lvbel C5 - GELMEZSEN GELME,107,10.0,2,(x4),3097608,108439455,Lvbel C5,GELMEZSEN GELME,tr,1682759517,2022-03-18,['Rap/Hip Hop']
160,Bengü - Saygımdan,103,,14,,2191055,108207570,Bengü,Saygımdan,tr,88290693,2014-10-17,['Pop']
161,Halodayı - Aman Güzel Yavaş Yürü,68,15.0,1,(x7),6215767,107575639,Halodayı,Aman Güzel Yavaş Yürü,tr,,,
162,BLOK3 - napıyosun mesela ?,30,25.0,2,(x3),4999428,107359951,BLOK3,napıyosun mesela ?,tr,3451496391,2025-07-18,['Rap/Hip Hop']
163,Era7capone - İNTİHAR,79,12.0,3,(x1),3316135,106888811,Era7capone,İNTİHAR,tr,,,
164,Canbay & Wolker - Bertaraf,85,11.0,4,,3160100,106515672,Canbay & Wolker,Bertaraf,tr,3190749631,2025-01-24,['Rap/Hip Hop']
165,Mavi Gri - Ölümle Yaşam Arasında,103,8.0,6,,2035272,105371910,Mavi Gri,Ölümle Yaşam Arasında,tr,1824237297,2022-07-29,"['Alternatif', 'Rock']"
166,cakal - Diyardan Diyara,94,8.0,7,,2366296,103998362,cakal,Diyardan Diyara,tr,2015905037,2022-12-23,['Rap/Hip Hop']
167,Ceza - Neyim Var Ki,305,9.0,2,(x2),1243836,103528106,Ceza,Neyim Var Ki,tr,98910200,2004-07-01,[]
168,Ati242 - Her Nerdeysen,70,,11,,2421154,102267445,Ati242,Her Nerdeysen,tr,3025652291,2024-10-11,['Rap/Hip Hop']
169,Çağla - Seni Düşündüm,29,27.0,1,(x3),5704668,102054239,Çağla,Seni Düşündüm,tr,3457584501,2025-07-25,['Pop']
170,Ati242 - Sönen Sigaralar,70,11.0,5,,2884319,101819822,Ati242,Sönen Sigaralar,tr,3025652301,2024-10-11,['Rap/Hip Hop']
171,Kahraman Deniz - Böyle Sever,202,1.0,10,,1258917,101709336,Kahraman Deniz,Böyle Sever,tr,705098752,2018-12-14,['Alternatif']
172,EDIS - Martılar,132,17.0,1,(x4),2708889,101520006,EDIS,Martılar,tr,1271967402,2021-03-26,['Pop']
173,Derya Uluğ - Yansıma,66,14.0,1,(x4),4087209,100257558,Derya Uluğ,Yansıma,tr,2359235725,2023-07-14,['Pop']
174,Ezhel - Geceler,305,68.0,2,(x2),808262,100096819,Ezhel,Geceler,tr,425605932,2017-05-25,['Rap/Hip Hop']
175,Dolu Kadehi Ters Tut - Dilerim Ki,109,,33,,1257981,99833137,Dolu Kadehi Ters Tut,Dilerim Ki,tr,2599054462,2024-01-12,['Pop']
176,Poizi - ÇIKAR BİRİ KARŞIMA,51,7.0,2,(x1),4237287,99312969,Poizi,ÇIKAR BİRİ KARŞIMA,tr,,,
177,Simge - YANKI X İNTİHAR,63,14.0,4,,2920754,98031983,Simge,YANKI X İNTİHAR,tr,,,
178,Canozan - Ağlama ben ağlarım,72,16.0,1,(x1),4224112,97999395,Canozan,Ağlama ben ağlarım,tr,2522419921,2023-10-06,"['Rock', 'Singer & Songwriter']"
179,BLOK3 - Salla Salla,91,10.0,2,(x3),3247466,97453078,BLOK3,Salla Salla,tr,2551971152,2023-11-24,['Rap/Hip Hop']
180,Sefo - Bilmem Mi?,73,20.0,1,(x6),7361273,97191288,Sefo,Bilmem Mi?,tr,2773064381,2025-01-09,['Rap/Hip Hop']
181,Nilüfer - Son Arzum,163,,34,,837093,97080443,Nilüfer,Son Arzum,tr,66192010,2004-05-14,['Pop']
182,Amo988 - Yüreğim Ağlar,75,13.0,3,(x2),3099127,96856325,Amo988,Yüreğim Ağlar,tr,3247836961,2023-09-15,['Pop']
183,KÖFN - Yakışıklı,59,9.0,5,,2470213,96730499,KÖFN,Yakışıklı,tr,2542342371,2023-11-24,['Pop']
184,Tom Odell - Another Love,172,,16,,1439511,96665063,Tom Odell,Another Love,tr,65723649,2013-06-24,"['Pop', 'Uluslararası Pop', 'Rock', 'Singer & Songwriter']"
185,Ati242 - Kalbim Yanımda,115,,18,,2169365,96283667,Ati242,Kalbim Yanımda,tr,2458890485,2023-09-29,['Rap/Hip Hop']
186,BLOK3 - YAPTIRICAZ TIRNAKLARINI,99,1.0,10,,2403054,95902134,BLOK3,YAPTIRICAZ TIRNAKLARINI,tr,2254139807,2023-04-28,['Rap/Hip Hop']
187,Norm Ender - Bir Çift Göz,33,15.0,1,(x1),5832671,95656030,Norm Ender,Bir Çift Göz,tr,,,
188,Motive - pVg,89,13.0,3,(x2),2935414,95353888,Motive,pVg,tr,2620791502,2024-01-19,['Rap/Hip Hop']
189,Semicenk - Gözlerinden Gözlerine,52,16.0,1,(x1),6168652,94228814,Semicenk,Gözlerinden Gözlerine,tr,3191161771,2025-01-31,['Pop']
190,ALIZADE - 24/7,63,13.0,1,(x2),4834455,93368002,ALIZADE,24/7,tr,2232954277,2023-04-21,['Rap/Hip Hop']
191,Ezhel - Nerdesin,61,16.0,1,(x7),5374450,93212174,Ezhel,Nerdesin,tr,1815218487,2022-07-22,['Rap/Hip Hop']
192,ElMusto - Dale Don Dale,56,17.0,1,(x1),4846568,92968235,ElMusto,Dale Don Dale,tr,2776680871,2024-05-17,['Rap/Hip Hop']
193,Lvbel C5 - DOĞUŞTAN BERİ HAKLIYIM (tmm),55,15.0,1,(x6),5849737,92171513,Lvbel C5,DOĞUŞTAN BERİ HAKLIYIM (tmm),tr,,,
194,Yalın - Küçücüğüm,164,,48,,1055473,91822629,Yalın,Küçücüğüm,tr,67045522,2005-04-13,['Pop']
195,Nazan Öncel - Beni Hatırla,84,,15,,1814288,90953085,Nazan Öncel,Beni Hatırla,tr,2822154222,2003-09-24,"['Pop', 'Türkçe Pop']"
196,Ati242 - Kaptan,91,4.0,6,,2462096,90729921,Ati242,Kaptan,tr,2714896262,2024-04-05,['Rap/Hip Hop']
197,Poizi - YAPAR MISIN?,29,13.0,1,(x2),6611784,90246235,Poizi,YAPAR MISIN?,tr,3470427801,2025-07-25,['Pop']
198,Burak Bulut - Kehribar,68,7.0,3,(x1),2476264,89559057,Burak Bulut,Kehribar,tr,2473798691,2023-09-29,['Pop']
199,Semicenk - Bozulmuş Kalbim,136,,51,,1036500,89446966,Semicenk,Bozulmuş Kalbim,tr,1793620087,2022-07-06,['Pop']
